<?xml version="1.0" encoding="UTF-8"?>

<!DOCTYPE mapper PUBLIC "-//mybatis.org//DTD Mapper 3.0//EN"
        "http://mybatis.org/dtd/mybatis-3-mapper.dtd">

<mapper namespace="com.eat.dao.RecipeContentDAO">

    <insert id="insertRecipeContent" parameterType="com.eat.vo.RecipeContentVO" useGeneratedKeys="true" keyProperty="id" keyColumn="id">
        INSERT INTO recipecontent(img, content, turn, recipeId)
        VALUES(#{img}, #{content}, #{turn}, #{recipeId})
    </insert>

    <select id="selectOne" parameterType="map" resultType="com.eat.vo.RecipeContentVO">
        SELECT * FROM recipecontent WHERE recipeId = #{recipeId} and turn =#{turn}
    </select>

    <select id="selectByRecipe" resultType="RecipeContentVO">
        SELECT * FROM recipecontent WHERE recipeId = #{recipeId} ORDER BY turn ASC
    </select>

    <update id="updateRecipeContent" parameterType="com.eat.vo.RecipeContentVO">
        UPDATE recipecontent SET img = #{img}, content = #{content}, turn = #{turn}
        WHERE id =#{id}
    </update>

    <delete id="deleteTurn" parameterType="map">
        DELETE FROM recipecontent WHERE recipeId = #{recipeId} AND turn =#{turn}
    </delete>

    <delete id="deleteRecipeContent" parameterType="Long">
        DELETE FROM recipecontent WHERE id =#{id}
    </delete>

</mapper>