<?xml version="1.0" encoding="UTF-8"?>

<!DOCTYPE mapper PUBLIC "-//mybatis.org//DTD Mapper 3.0//EN"
        "http://mybatis.org/dtd/mybatis-3-mapper.dtd">

<mapper namespace="com.eat.dao.RecipeTagDAO">

    <insert id="insertRecipeTag" parameterType="com.eat.vo.RecipeTagVO" useGeneratedKeys="true" keyProperty="id" keyColumn="id">
        INSERT  INTO recipetag(name, recipeId)
        VALUES(#{name}, #{recipeId})
    </insert>

    <select id="selectOne" parameterType="Long" resultType="com.eat.vo.RecipeTagVO">
        SELECT * FROM recipetag WHERE id = #{id}
    </select>

    <select id="selectOneByRecipe" parameterType="map" resultType="com.eat.vo.RecipeTagVO">
        SELECT * FROM recipetag WHERE recipeId = #{recipeId} AND name = #{name}
    </select>

    <select id="selectByRecipe" parameterType="Long" resultType="com.eat.vo.RecipeTagVO">
        SELECT * FROM recipetag WHERE recipeId = #{recipeId}
    </select>

    <select id="selectByName" parameterType="String" resultType="com.eat.vo.RecipeTagVO">
        SELECT * FROM recipetag WHERE name = #{name}
    </select>

    <update id="updateRecipeTag" parameterType="com.eat.vo.RecipeTagVO">
        UPDATE recipetag SET name =#{name} WHERE id = #{id}
    </update>

    <update id="updateTagByRecipe" parameterType="map">
        UPDATE recipetag SET name = #{name} WHERE recipeId = #{recipeId}
    </update>

    <delete id="deleteTag" parameterType="long">
        DELETE FROM recipetag WHERE id =#{id}
    </delete>

    <delete id="deleteTagByRecipe" parameterType="map">
        DELETE FROM recipetag WHERE recipeId = #{recipeId} AND name = #{name}
    </delete>



</mapper>